id,position,data,style
victim,"{""x"": 60, ""y"": 220}","{""label"": ""\ud83e\uddd1 Victim \u00b7 R. Sharma""}","{""background"": ""#0B1F3A"", ""color"": ""white"", ""border"": ""none"", ""borderRadius"": 8, ""padding"": ""8px 12px"", ""fontSize"": 12, ""fontWeight"": 600}"
suspect1,"{""x"": 340, ""y"": 80}","{""label"": ""\ud83d\udd76 Suspect A-441""}","{""background"": ""#c0392b"", ""color"": ""white"", ""border"": ""none"", ""borderRadius"": 8, ""padding"": ""8px 12px"", ""fontSize"": 12, ""fontWeight"": 600}"
suspect2,"{""x"": 340, ""y"": 360}","{""label"": ""\ud83d\udd76 Suspect A-317""}","{""background"": ""#c0392b"", ""color"": ""white"", ""border"": ""none"", ""borderRadius"": 8, ""padding"": ""8px 12px"", ""fontSize"": 12, ""fontWeight"": 600}"
vehicle,"{""x"": 620, ""y"": 60}","{""label"": ""\ud83c\udfcd KA-05-MH-1234""}","{""background"": ""#C9A227"", ""color"": ""white"", ""border"": ""none"", ""borderRadius"": 8, ""padding"": ""8px 12px"", ""fontSize"": 12, ""fontWeight"": 600}"
phone,"{""x"": 620, ""y"": 200}","{""label"": ""\ud83d\udcde +91 98\u2022\u2022\u2022\u20222211""}","{""background"": ""#C9A227"", ""color"": ""white"", ""border"": ""none"", ""borderRadius"": 8, ""padding"": ""8px 12px"", ""fontSize"": 12, ""fontWeight"": 600}"
weapon,"{""x"": 620, ""y"": 340}","{""label"": ""\ud83d\udd2a Weapon \u00b7 Machete""}","{""background"": ""#A68B5B"", ""color"": ""white"", ""border"": ""none"", ""borderRadius"": 8, ""padding"": ""8px 12px"", ""fontSize"": 12, ""fontWeight"": 600}"
acct,"{""x"": 900, ""y"": 140}","{""label"": ""\ud83c\udfe6 Account 47829""}","{""background"": ""#1e40af"", ""color"": ""white"", ""border"": ""none"", ""borderRadius"": 8, ""padding"": ""8px 12px"", ""fontSize"": 12, ""fontWeight"": 600}"
loc,"{""x"": 900, ""y"": 300}","{""label"": ""\ud83d\udccd HSR Layout""}","{""background"": ""#1e40af"", ""color"": ""white"", ""border"": ""none"", ""borderRadius"": 8, ""padding"": ""8px 12px"", ""fontSize"": 12, ""fontWeight"": 600}"
org,"{""x"": 1140, ""y"": 220}","{""label"": ""\ud83c\udfdb Ring \u00b7 East BLR""}","{""background"": ""#0B1F3A"", ""color"": ""white"", ""border"": ""none"", ""borderRadius"": 8, ""padding"": ""8px 12px"", ""fontSize"": 12, ""fontWeight"": 600}"
